R2,MAE,MSE,MedAE
0.67321552204851,9.998501884588652,172.53391607762575,7.972212934157474
