R2,MAE,MSE,MedAE
0.6836437614448762,12.181052069877557,275.6306236606204,8.570194316172524
