Coumarin,Cancer Type,Best Dose,Best Time,Predicted Viability
Esculetin,Pancreatic,92.0,72.0,50.00129807336169
Esculetin,Oral,92.0,72.0,50.00129807336169
Esculetin,Colon,92.0,72.0,50.00129807336169
Esculetin,Renal,92.0,72.0,50.00129807336169
Esculetin,Lung,92.0,72.0,50.00129807336169
Esculetin,Gastric,92.0,72.0,50.00129807336169
Esculetin,Prostate,92.0,72.0,50.00129807336169
Esculetin,Skin,92.0,72.0,50.00129807336169
