R2,MAE,MSE,MedAE
0.20980871761372466,16.730025503988404,415.0978438409725,15.610587256776938
