R2,MAE,MSE,MedAE
0.45728545551671934,16.151764665302476,422.2071517790085,12.539994720458983
