R2,MAE,MSE,MedAE
0.6738977113202205,11.488638254041867,248.88979952142762,8.313278823852539
