Coumarin,Cancer Type,Best Dose,Best Time,Predicted Viability
Esculetin,Pancreatic,213.0,48.0,49.969963223185566
Esculetin,Oral,66.0,48.0,50.043344256025385
Esculetin,Colon,176.0,48.0,50.239116509335076
Esculetin,Renal,141.0,72.0,49.01078096748502
Esculetin,Lung,253.0,48.0,50.21410162541469
Esculetin,Gastric,93.0,24.0,50.55799079887603
Esculetin,Prostate,141.0,72.0,49.72109624050077
Esculetin,Skin,39.0,72.0,49.37448385822864
