R2,MAE,MSE,MedAE
0.5031772372562354,11.949204747581021,283.92911493086547,8.517855892536456
