R2,MAE,MSE,MedAE
0.6551689241551658,11.544929174315625,262.5601752676822,8.620704049806026
