R2,MAE,MSE,MedAE
0.21675421933738384,20.745210731785228,605.4442974765876,19.339851089309832
