R2,MAE,MSE,MedAE
0.21683403515435198,20.74358879852436,605.3808779490405,19.328164368595544
