R2,MAE,MSE,MedAE
0.4662731177855829,16.106834937220707,415.9922705616809,12.880576871366543
