R2,MAE,MSE,MedAE
0.7983386788771993,9.187311442888696,169.6289600731631,6.682820418580991
