R2,MAE,MSE,MedAE
0.6345191853095757,12.374282910705606,278.9308504805375,8.955832124824628
