R2,MAE,MSE,MedAE
0.4906681171774337,12.65877291008734,287.94748188201135,9.541689666748047
