R2,MAE,MSE,MedAE
0.44096156349192095,13.306573518194423,319.30636660167096,9.91276652829394
