R2,MAE,MSE,MedAE
0.4666875811137089,16.274644838102994,421.74931416887404,12.91294424567775
