R2,MAE,MSE,MedAE
0.44831474845644853,13.308223402805956,288.56757590883853,11.223888900020395
