R2,MAE,MSE,MedAE
0.828019472576846,8.141723126469692,143.54964089804395,4.853088070780528
