R2,MAE,MSE,MedAE
0.21704917400809517,20.73008238042187,605.3770009665392,19.481223769160128
