R2,MAE,MSE,MedAE
0.20953906235476846,16.775681671482012,415.5277525778385,15.810172351345425
