Coumarin,Cancer Type,Best Dose,Best Time,Predicted Viability
Esculetin,Pancreatic,81.0,72.0,50.00533628309895
Esculetin,Oral,373.0,48.0,50.00365318801494
Esculetin,Colon,372.0,48.0,49.999366804776855
Esculetin,Renal,82.0,72.0,49.995179021713916
Esculetin,Lung,373.0,48.0,49.98920954339182
Esculetin,Gastric,80.0,72.0,50.00104989986086
Esculetin,Prostate,374.0,48.0,49.99349592662991
Esculetin,Skin,82.0,72.0,50.00962266633703
