R2,MAE,MSE,MedAE
0.551806675811064,16.032370361221382,395.3212541306454,12.436190251829942
