R2,MAE,MSE,MedAE
0.7668442158888416,10.46410489778378,198.79312732842556,7.611216428150587
