R2,MAE,MSE,MedAE
0.21764517630472452,20.628717990161334,626.5918115625726,19.039510242998652
