R2,MAE,MSE,MedAE
0.1331265224435037,17.825492570831784,495.49927175224303,16.10475401398507
