Coumarin,Cancer Type,Best Dose,Best Time,Predicted Viability
Esculetin,Pancreatic,58.0,72.0,49.997002747147576
Esculetin,Oral,208.0,48.0,49.99628879328654
Esculetin,Colon,69.0,48.0,50.00908959032184
Esculetin,Renal,359.0,48.0,50.002228951009535
Esculetin,Lung,73.0,48.0,50.012073487708925
Esculetin,Gastric,290.0,48.0,50.00963038495429
Esculetin,Prostate,359.0,48.0,49.977066702447644
Esculetin,Skin,280.0,72.0,50.00073890502582
