R2,MAE,MSE,MedAE
0.7135644428557213,9.369146283307666,151.3712930483397,7.566540298461914
