R2,MAE,MSE,MedAE
0.37244320614579207,16.31574861829631,480.11739512393126,11.872904770973056
