Coumarin,Cancer Type,Best Dose,Best Time,Predicted Viability
Esculetin,Pancreatic,59.0,72.0,49.900918117393736
Esculetin,Oral,59.0,48.0,50.124452348517
Esculetin,Colon,41.0,48.0,49.57529748307422
Esculetin,Renal,241.0,72.0,49.64743721987301
Esculetin,Lung,39.0,72.0,50.107107148499175
Esculetin,Gastric,21.0,72.0,49.85284448075543
Esculetin,Prostate,22.0,72.0,50.13496102778981
Esculetin,Skin,126.0,48.0,49.31243317082777
