R2,MAE,MSE,MedAE
0.4115209687986402,17.141178416506015,466.8211593580971,13.288736944185791
