R2,MAE,MSE,MedAE
0.3616047891376326,16.996566837511565,484.61884013156924,12.774705848693849
