R2,MAE,MSE,MedAE
0.16502951532366866,20.624184037971496,645.5984819985854,18.23535890248229
