R2,MAE,MSE,MedAE
0.5518076592625782,16.03249252782848,395.31927784325916,12.440164719836911
