R2,MAE,MSE,MedAE
0.14890287216945336,17.666628011010534,485.86958264449197,16.186222389299626
