R2,MAE,MSE,MedAE
0.20981444046456116,16.754429309710993,415.2562121985632,15.752106184137736
