R2,MAE,MSE,MedAE
0.2516122453735069,19.37650820542676,586.9042566733922,16.658698391651708
