R2,MAE,MSE,MedAE
0.5347201491045409,16.2614920679342,409.5142102632396,14.327818343398127
