R2,MAE,MSE,MedAE
0.582460723549646,11.539165151414565,222.16107133395752,9.505249593838247
