Coumarin,Cancer Type,Best Dose,Best Time,Predicted Viability
Esculetin,Pancreatic,88.0,72.0,49.99470687396905
Esculetin,Oral,88.0,72.0,49.99470687396905
Esculetin,Colon,88.0,72.0,49.99470687396905
Esculetin,Renal,88.0,72.0,49.99470687396905
Esculetin,Lung,88.0,72.0,49.99470687396905
Esculetin,Gastric,88.0,72.0,49.99470687396905
Esculetin,Prostate,88.0,72.0,49.99470687396905
Esculetin,Skin,88.0,72.0,49.99470687396905
