R2,MAE,MSE,MedAE
0.2175284309359143,20.586943527937414,626.3691439174971,18.96207066074511
