R2,MAE,MSE,MedAE
0.1446896977166548,17.79651319045788,487.81195269907846,16.56689702070141
