R2,MAE,MSE,MedAE
0.3106838016412152,14.182081312448446,390.722822367433,10.856232843198224
