R2,MAE,MSE,MedAE
0.6864419712624429,9.64303204667845,165.61166994812027,7.373032620704135
