R2,MAE,MSE,MedAE
0.6481379140280452,11.625634224423223,268.0708489876504,8.351972310070204
