R2,MAE,MSE,MedAE
0.48184879451384593,12.763060480558005,292.9388902219095,10.104799910426811
