R2,MAE,MSE,MedAE
0.6454805126024238,12.015601751747715,270.230694874925,8.496249149272913
