R2,MAE,MSE,MedAE
0.21729844814542734,20.57577941920004,626.4498484663383,18.963128483734923
